{"columns":[0],"index":["c5","e5","f4","e3","c4","f5","g4","b5","d4","d5","d3","b3","h5","a3","b4","h4","h3","a5","g3","f3","e4","a4","c3","g5"],"data":[[0.0208577862],[0.0260418628],[0.0999008145],[0.1392160185],[0.1399069061],[0.2975454886],[0.3448868174],[0.3536314137],[0.3874526613],[0.4318032774],[0.4429419432],[0.4551997821],[0.5126871624],[0.5316139604],[0.5503199055],[0.6285890397],[0.6313438347],[0.682683909],[0.711356574],[0.7672619631],[0.8371207542],[0.9091243617],[0.9900915193],[0.9944514121]]}