{"columns":[0],"index":["g6","f5","g5","b4","g4","h6","a5","f6","e5","d6","d5","e4","c6","h4","b5","h5","e6","a4","b6","c5","c4","f4","a6","d4"],"data":[[0.0016194486],[0.0033033428],[0.019822715],[0.0907628609],[0.106172669],[0.1551806827],[0.157765254],[0.1623359849],[0.2191053299],[0.4811809303],[0.4946717934],[0.5009430573],[0.593809049],[0.5991294491],[0.6544061573],[0.6565434142],[0.6580523194],[0.7043821303],[0.7564886754],[0.883124139],[0.9126116925],[0.9837661784],[0.9886792623],[null]]}